Versão,Regiões,I/O_e_malloc,num_Threads,Tamanho_entrada,num_Execuções,Tempo_médio_de_execução,Intervalo_de_confiança,,,
Sequencial,Elephant,Com,1,16,10,"0,0008","0,000019",,,
Sequencial,Elephant,Com,1,32,10,"0,0034","0,000046",,,
Sequencial,Elephant,Com,1,64,10,"0,0058","0,00029",,,
Sequencial,Elephant,Com,1,128,10,"0,02164","0,0018",,,
Sequencial,Elephant,Com,1,256,10,"0,08632","0,00307",,,
Sequencial,Elephant,Com,1,512,10,"0,307467","0,000336",,,
Sequencial,Elephant,Com,1,1024,10,"1,23489","0,00443",,,
Sequencial,Elephant,Com,1,2048,10,"4,92005","0,00641",,,
Sequencial,Elephant,Com,1,4096,10,"19,6043","0,00573",,,
Sequencial,Elephant,Com,1,8192,10,"78,633","0,157",,,
Sequencial,Full,Com,1,16,10,"0,0011888","0,0000386",,,
Sequencial,Full,Com,1,32,10,"0,0012767","0,000031",,,
Sequencial,Full,Com,1,64,10,"0,0013957","0,0000269",,,
Sequencial,Full,Com,1,128,10,"0,0042281","0,0000832",,,
Sequencial,Full,Com,1,256,10,"0,01903","0,00162",,,
Sequencial,Full,Com,1,512,10,"0,06091","0,00273",,,
Sequencial,Full,Com,1,1024,10,"0,22909","0,00295",,,
Sequencial,Full,Com,1,2048,10,"0,88435","0,00378",,,
Sequencial,Full,Com,1,4096,10,"3,51621","0,00332",,,
Sequencial,Full,Com,1,8192,10,"14,041","0,0219",,,
Sequencial,Seahorse,Com,1,16,10,"0,0009534","0,0000889",,,
Sequencial,Seahorse,Com,1,32,10,"0,002176","0,000196",,,
Sequencial,Seahorse,Com,1,64,10,"0,006707","0,000352",,,
Sequencial,Seahorse,Com,1,128,10,"0,03243","0,00199",,,
Sequencial,Seahorse,Com,1,256,10,"0,08677","0,00306",,,
Sequencial,Seahorse,Com,1,512,10,"0,34071","0,0026",,,
Sequencial,Seahorse,Com,1,1024,10,"1,30425","0,0027",,,
Sequencial,Seahorse,Com,1,2048,10,"5,19606","0,00153",,,
Sequencial,Seahorse,Com,1,4096,10,"20,8003","0,0119",,,
Sequencial,Seahorse,Com,1,8192,10,"83,323","0,102",,,
Sequencial,Triple Spiral,Com,1,16,10,"0,0009331","0,0000262",,,
Sequencial,Triple Spiral,Com,1,32,10,"0,0020954","0,0000431",,,
Sequencial,Triple Spiral,Com,1,64,10,"0,006734","0,000245",,,
Sequencial,Triple Spiral,Com,1,128,10,"0,024574","0,000629",,,
Sequencial,Triple Spiral,Com,1,256,10,"0,09435","0,00146",,,
Sequencial,Triple Spiral,Com,1,512,10,"0,38461","0,00281",,,
Sequencial,Triple Spiral,Com,1,1024,10,"1,483","0,0045",,,
Sequencial,Triple Spiral,Com,1,2048,10,"5,88627","0,00278",,,
Sequencial,Triple Spiral,Com,1,4096,10,"23,50768","0,00556",,,
Sequencial,Triple Spiral,Com,1,8192,10,"93,9978","0,0224",,,
Pthreads,Elephant,Com,8,16,10,"0,0009651","0,00002",,,
Pthreads,Elephant,Com,8,32,10,"0,001214","0,00002",,,
Pthreads,Elephant,Com,8,64,10,"0,002379","0,0002",,,
Pthreads,Elephant,Com,8,128,10,"0,009857","0,000571",,,
Pthreads,Elephant,Com,8,256,10,"0,03471","0,00176",,,
Pthreads,Elephant,Com,8,512,10,"0,0867","0,00465",,,
Pthreads,Elephant,Com,8,1024,10,"0,29316","0,00642",,,
Pthreads,Elephant,Com,8,2048,10,"1,0476","0,00922",,,
Pthreads,Elephant,Com,8,4096,10,"4,1368","0,0281",,,
Pthreads,Elephant,Com,8,8192,10,"16,3841","0,0567",,,
Pthreads,Full,Com,8,16,10,"0,00092","0,0000259",,,
Pthreads,Full,Com,8,32,10,"0,00097","0,0000279",,,
Pthreads,Full,Com,8,64,10,"0,001331","0,0000108",,,
Pthreads,Full,Com,8,128,10,"0,003112","0,000114",,,
Pthreads,Full,Com,8,256,10,"0,016066","0,000246",,,
Pthreads,Full,Com,8,512,10,"0,03966","0,00387",,,
Pthreads,Full,Com,8,1024,10,"0,12815","0,0025",,,
Pthreads,Full,Com,8,2048,10,"0,50077","0,00394",,,
Pthreads,Full,Com,8,4096,10,"1,9575","0,00682",,,
Pthreads,Full,Com,8,8192,10,"7,794","0,116",,,
Pthreads,Seahorse,Com,8,16,10,"0,00093","0,00002",,,
Pthreads,Seahorse,Com,8,32,10,"0,00102","0,0000248",,,
Pthreads,Seahorse,Com,8,64,10,"0,00204","0,0000796",,,
Pthreads,Seahorse,Com,8,128,10,"0,008666","0,000706",,,
Pthreads,Seahorse,Com,8,256,10,"0,03388","0,00126",,,
Pthreads,Seahorse,Com,8,512,10,"0,09221","0,00498",,,
Pthreads,Seahorse,Com,8,1024,10,"0,31001","0,00513",,,
Pthreads,Seahorse,Com,8,2048,10,"1,134","0,00541",,,
Pthreads,Seahorse,Com,8,4096,10,"4,4123","0,0177",,,
Pthreads,Seahorse,Com,8,8192,10,"17,3931","0,0306",,,
Pthreads,Triple Spiral,Com,8,16,10,"0,0008925","0,0000155",,,
Pthreads,Triple Spiral,Com,8,32,10,"0,0013","0,000221",,,
Pthreads,Triple Spiral,Com,8,64,10,"0,002214","0,00011",,,
Pthreads,Triple Spiral,Com,8,128,10,"0,010281","0,000625",,,
Pthreads,Triple Spiral,Com,8,256,10,"0,03759","0,00159",,,
Pthreads,Triple Spiral,Com,8,512,10,"0,09075","0,00535",,,
Pthreads,Triple Spiral,Com,8,1024,10,"0,3408","0,0041",,,
Pthreads,Triple Spiral,Com,8,2048,10,"1,1834","0,00254",,,
Pthreads,Triple Spiral,Com,8,4096,10,"4,6506","0,0126",,,
Pthreads,Triple Spiral,Com,8,8192,10,"18,461","0,137",,,
OpenMP,Elephant,Com,8,16,10,"0,0011327","0,0000523",,,
OpenMP,Elephant,Com,8,32,10,"0,02381","0,00298",,,
OpenMP,Elephant,Com,8,64,10,"0,02395","0,00294",,,
OpenMP,Elephant,Com,8,128,10,"0,02386","0,00115",,,
OpenMP,Elephant,Com,8,256,10,"0,02096","0,00266",,,
OpenMP,Elephant,Com,8,512,10,"0,07357","0,0273",,,
OpenMP,Elephant,Com,8,1024,10,"0,2725","0,004",,,
OpenMP,Elephant,Com,8,2048,10,"1,052","0,00723",,,
OpenMP,Elephant,Com,8,4096,10,"4,1561","0,0223",,,
OpenMP,Elephant,Com,8,8192,10,"16,31","0,0535",,,
OpenMP,Full,Com,8,16,10,"0,02664","0,0029",,,
OpenMP,Full,Com,8,32,10,"0,0015","0,000366",,,
OpenMP,Full,Com,8,64,10,"0,01066","0,00378",,,
OpenMP,Full,Com,8,128,10,"0,021","0,0045",,,
OpenMP,Full,Com,8,256,10,"0,01817","0,0032",,,
OpenMP,Full,Com,8,512,10,"0,0413","0,0027",,,
OpenMP,Full,Com,8,1024,10,"0,1406","0,0047",,,
OpenMP,Full,Com,8,2048,10,"0,505","0,0052",,,
OpenMP,Full,Com,8,4096,10,"1,977","0,00427",,,
OpenMP,Full,Com,8,8192,10,"7,7445","0,0326",,,
OpenMP,Seahorse,Com,8,16,10,"0,0023","0,0012",,,
OpenMP,Seahorse,Com,8,32,10,"0,00205","0,0007",,,
OpenMP,Seahorse,Com,8,64,10,"0,00233","0,000046",,,
OpenMP,Seahorse,Com,8,128,10,"0,00702","0,0014",,,
OpenMP,Seahorse,Com,8,256,10,"0,028","0,00281",,,
OpenMP,Seahorse,Com,8,512,10,"0,07725","0,0023",,,
OpenMP,Seahorse,Com,8,1024,10,"0,279","0,0024",,,
OpenMP,Seahorse,Com,8,2048,10,"1,097","0,0101",,,
OpenMP,Seahorse,Com,8,4096,10,"4,3139","0,0132",,,
OpenMP,Seahorse,Com,8,8192,10,"16,9166","0,0322",,,
OpenMP,Triple Spiral,Com,8,16,10,"0,025","0,00143",,,
OpenMP,Triple Spiral,Com,8,32,10,"0,0049","0,0029",,,
OpenMP,Triple Spiral,Com,8,64,10,"0,0025","0,00016",,,
OpenMP,Triple Spiral,Com,8,128,10,"0,01916","0,0029",,,
OpenMP,Triple Spiral,Com,8,256,10,"0,02954","0,0033",,,
OpenMP,Triple Spiral,Com,8,512,10,"0,854","0,00213",,,
OpenMP,Triple Spiral,Com,8,1024,10,"0,301","0,0034",,,
OpenMP,Triple Spiral,Com,8,2048,10,"1,2064","0,0127",,,
OpenMP,Triple Spiral,Com,8,4096,10,"4,836","0,174",,,
OpenMP,Triple Spiral,Com,8,8192,10,"18,774","0,299",,,
Pthreads,Elephant,Com,4,16,10,"0,00094","0,0000447",,,
Pthreads,Elephant,Com,4,32,10,"0,00125","0,000024",,,
Pthreads,Elephant,Com,4,64,10,"0,0047","0,00008",,,
Pthreads,Elephant,Com,4,128,10,"0,013","0,00052",,,
Pthreads,Elephant,Com,4,256,10,"0,03566","0,00339",,,
Pthreads,Elephant,Com,4,512,10,"0,115","0,00395",,,
Pthreads,Elephant,Com,4,1024,10,"0,4211","0,0092",,,
Pthreads,Elephant,Com,4,2048,10,"1,59284","0,00884",,,
Pthreads,Elephant,Com,4,4096,10,"6,2967","0,0107",,,
Pthreads,Elephant,Com,4,8192,10,"25,1067","0,0342",,,
OpenMP,Elephant,Com,4,16,10,"0,00102","0,00004",,,
OpenMP,Elephant,Com,4,32,10,"0,001314","0,000033",,,
OpenMP,Elephant,Com,4,64,10,"0,0028","0,000069",,,
OpenMP,Elephant,Com,4,128,10,"0,00875","0,00033",,,
OpenMP,Elephant,Com,4,256,10,"0,02666","0,000395",,,
OpenMP,Elephant,Com,4,512,10,"0,104","0,00119",,,
OpenMP,Elephant,Com,4,1024,10,"0,4199","0,00629",,,
OpenMP,Elephant,Com,4,2048,10,"1,596","0,00498",,,
OpenMP,Elephant,Com,4,4096,10,"6,3901","0,0134",,,
OpenMP,Elephant,Com,4,8192,10,"25,2753","0,0393",,,
Pthreads,Full,Com,4,16,10,"0,00097","0,000082",,,
Pthreads,Full,Com,4,32,10,"0,0009868","0,000023",,,
Pthreads,Full,Com,4,64,10,"0,0015","0,0000418",,,
Pthreads,Full,Com,4,128,10,"0,0035","0,000133",,,
Pthreads,Full,Com,4,256,10,"0,018667","0,000214",,,
Pthreads,Full,Com,4,512,10,"0,0635","0,00126",,,
Pthreads,Full,Com,4,1024,10,"0,1764","0,00433",,,
Pthreads,Full,Com,4,2048,10,"0,593","0,0072",,,
Pthreads,Full,Com,4,4096,10,"2,2441","0,0139",,,
Pthreads,Full,Com,4,8192,10,"8,7585","0,0151",,,
OpenMP,Full,Com,4,16,10,"0,001335","0,000406",,,
OpenMP,Full,Com,4,32,10,"0,0010415","0,0000237",,,
OpenMP,Full,Com,4,64,10,"0,0026539","0,0000411",,,
OpenMP,Full,Com,4,128,10,"0,0047","0,000361",,,
OpenMP,Full,Com,4,256,10,"0,022841","0,00069",,,
OpenMP,Full,Com,4,512,10,"0,05083","0,00228",,,
OpenMP,Full,Com,4,1024,10,"0,19","0,0073",,,
OpenMP,Full,Com,4,2048,10,"0,5755","0,006",,,
OpenMP,Full,Com,4,4096,10,"2,2674","0,0128",,,
OpenMP,Full,Com,4,8192,10,"8,78","0,0119",,,
Pthreads,Seahorse,Com,4,16,10,"0,001","0,00007",,,
Pthreads,Seahorse,Com,4,32,10,"0,0011","0,000031",,,
Pthreads,Seahorse,Com,4,64,10,"0,0025","0,0000659",,,
Pthreads,Seahorse,Com,4,128,10,"0,01415","0,000176",,,
Pthreads,Seahorse,Com,4,256,10,"0,05058","0,00101",,,
Pthreads,Seahorse,Com,4,512,10,"0,13","0,00397",,,
Pthreads,Seahorse,Com,4,1024,10,"0,45","0,00419",,,
Pthreads,Seahorse,Com,4,2048,10,"1,73","0,0041",,,
Pthreads,Seahorse,Com,4,4096,10,"6,77","0,0058",,,
Pthreads,Seahorse,Com,4,8192,10,"27,046","0,124",,,
OpenMP,Seahorse,Com,4,16,10,"0,00096","0,000026",,,
OpenMP,Seahorse,Com,4,32,10,"0,0016","0,000039",,,
OpenMP,Seahorse,Com,4,64,10,"0,003","0,00008",,,
OpenMP,Seahorse,Com,4,128,10,"0,015","0,000645",,,
OpenMP,Seahorse,Com,4,256,10,"0,031","0,00212",,,
OpenMP,Seahorse,Com,4,512,10,"0,1113","0,0035",,,
OpenMP,Seahorse,Com,4,1024,10,"0,435","0,00579",,,
OpenMP,Seahorse,Com,4,2048,10,"1,727","0,0137",,,
OpenMP,Seahorse,Com,4,4096,10,"6,831","0,00457",,,
OpenMP,Seahorse,Com,4,8192,10,"27,1163","0,0355",,,
Pthreads,Triple Spiral,Com,4,16,10,"0,0013","0,000424",,,
Pthreads,Triple Spiral,Com,4,32,10,"0,0014","0,00011",,,
Pthreads,Triple Spiral,Com,4,64,10,"0,0027","0,000076",,,
Pthreads,Triple Spiral,Com,4,128,10,"0,012","0,001",,,
Pthreads,Triple Spiral,Com,4,256,10,"0,0395","0,00281",,,
Pthreads,Triple Spiral,Com,4,512,10,"0,129","0,0025",,,
Pthreads,Triple Spiral,Com,4,1024,10,"0,478","0,00599",,,
Pthreads,Triple Spiral,Com,4,2048,10,"1,805","0,0045",,, 
Pthreads,Triple Spiral,Com,4,4096,10,"7,11","0,0038",,,
Pthreads,Triple Spiral,Com,4,8192,10,"28,23","0,015",,,
OpenMP,Triple Spiral,Com,4,16,10,"0,0009","0,000032",,,
OpenMP,Triple Spiral,Com,4,32,10,"0,0014","0,0000289",,,
OpenMP,Triple Spiral,Com,4,64,10,"0,00288","0,000107",,,
OpenMP,Triple Spiral,Com,4,128,10,"0,013","0,0002",,,
OpenMP,Triple Spiral,Com,4,256,10,"0,029","0,0003",,,
OpenMP,Triple Spiral,Com,4,512,10,"0,113","0,00081",,,
OpenMP,Triple Spiral,Com,4,1024,10,"0,457","0,00632",,,
OpenMP,Triple Spiral,Com,4,2048,10,"1,998","0,167",,,
OpenMP,Triple Spiral,Com,4,4096,10,"7,166","0,0074",,,
OpenMP,Triple Spiral,Com,4,8192,10,"28,46","0,0344",,,
Pthreads,Elephant,Com,16,16,10,"0,0011","0,000022",,,
Pthreads,Elephant,Com,16,32,10,"0,0013","0,0000369",,,
Pthreads,Elephant,Com,16,64,10,"0,00233","0,0001",,,
Pthreads,Elephant,Com,16,128,10,"0,0088","0,000426",,,
Pthreads,Elephant,Com,16,256,10,"0,0325","0,00099",,,
Pthreads,Elephant,Com,16,512,10,"0,0847","0,00315",,,
Pthreads,Elephant,Com,16,1024,10,"0,2836","0,00739",,,
Pthreads,Elephant,Com,16,2048,10,"1,018","0,0046",,,
Pthreads,Elephant,Com,16,4096,10,"3,941","0,016",,,
Pthreads,Elephant,Com,16,8192,10,"15,465","0,121",,,
OpenMP,Elephant,Com,16,16,10,"0,00235","0,000561",,,
OpenMP,Elephant,Com,16,32,10,"0,002213","0,000126",,,
OpenMP,Elephant,Com,16,64,10,"0,00353","0,000233",,,
OpenMP,Elephant,Com,16,128,10,"0,0105","0,000589",,,
OpenMP,Elephant,Com,16,256,10,"0,0356","0,000864",,,
OpenMP,Elephant,Com,16,512,10,"0,089","0,0051",,,
OpenMP,Elephant,Com,16,1024,10,"0,277","0,00713",,,
OpenMP,Elephant,Com,16,2048,10,"1,0344","0,00667",,,
OpenMP,Elephant,Com,16,4096,10,"3,8866","0,0135",,,
OpenMP,Elephant,Com,16,8192,10,"15,2356","0,0501",,,
Pthreads,Full,Com,16,16,10,"0,0013","0,00015",,,
Pthreads,Full,Com,16,32,10,"0,0011","0,0000266",,,
Pthreads,Full,Com,16,64,10,"0,00129","0,0000325",,,
Pthreads,Full,Com,16,128,10,"0,0028","0,000262",,,
Pthreads,Full,Com,16,256,10,"0,0115","0,00095",,,
Pthreads,Full,Com,16,512,10,"0,047","0,00149",,,
Pthreads,Full,Com,16,1024,10,"0,12451","0,00413",,,
Pthreads,Full,Com,16,2048,10,"0,42645","0,0039",,,
Pthreads,Full,Com,16,4096,10,"1,565","0,00784",,,
Pthreads,Full,Com,16,8192,10,"6,1409","0,0256",,,
OpenMP,Full,Com,16,16,10,"0,0013","0,0000378",,,
OpenMP,Full,Com,16,32,10,"0,00152","0,000102",,,
OpenMP,Full,Com,16,64,10,"0,00195","0,0000681",,,
OpenMP,Full,Com,16,128,10,"0,0036","0,000279",,,
OpenMP,Full,Com,16,256,10,"0,01447","0,00038",,,
OpenMP,Full,Com,16,512,10,"0,0472","0,00126",,,
OpenMP,Full,Com,16,1024,10,"0,12464","0,00572",,,
OpenMP,Full,Com,16,2048,10,"0,42113","0,00433",,,
OpenMP,Full,Com,16,4096,10,"1,62875","0,00935",,,
OpenMP,Full,Com,16,8192,10,"6,2354","0,0154",,,
Pthreads,Seahorse,Com,16,16,10,"0,0013","0,00013",,,
Pthreads,Seahorse,Com,16,32,10,"0,0011","0,00003",,,
Pthreads,Seahorse,Com,16,64,10,"0,0022","0,000052",,,
Pthreads,Seahorse,Com,16,128,10,"0,00966","0,000626",,,
Pthreads,Seahorse,Com,16,256,10,"0,0322","0,00132",,,
Pthreads,Seahorse,Com,16,512,10,"0,09043","0,00404",,,
Pthreads,Seahorse,Com,16,1024,10,"0,292","0,00828",,,
Pthreads,Seahorse,Com,16,2048,10,"1,0625","0,0083",,,
Pthreads,Seahorse,Com,16,4096,10,"4,0925","0,0244",,,
Pthreads,Seahorse,Com,16,8192,10,"16,0209","0,0279",,,
OpenMP,Seahorse,Com,16,16,10,"0,0019","0,00054",,,
OpenMP,Seahorse,Com,16,32,10,"0,002","0,000181",,,
OpenMP,Seahorse,Com,16,64,10,"0,0045","0,000194",,,
OpenMP,Seahorse,Com,16,128,10,"0,011","0,000193",,,
OpenMP,Seahorse,Com,16,256,10,"0,033","0,00266",,,
OpenMP,Seahorse,Com,16,512,10,"0,08556","0,00375",,,
OpenMP,Seahorse,Com,16,1024,10,"0,2826","0,00533",,,
OpenMP,Seahorse,Com,16,2048,10,"1,052","0,007",,,
OpenMP,Seahorse,Com,16,4096,10,"4,279","0,208",,,
OpenMP,Seahorse,Com,16,8192,10,"15,8614","0,0441",,,
Pthreads,Triple Spiral,Com,16,16,10,"0,0013","0,00016",,,
Pthreads,Triple Spiral,Com,16,32,5 df_1_sem= [(df_1['I/O_e_malloc'] == 'sem')],"0,0014","0,000164",,,
Pthreads,Triple Spiral,Com,16,64,6,"0,00318","0,000354",,,
Pthreads,Triple Spiral,Com,16,128,"----> 7 plt.plot(df_1_sem['Tamanho_entrada'], df_1_sem['Tempo_médio_de_execução'],","0,01044","0,00041",,,
Pthreads,Triple Spiral,Com,16,256,"8          marker='o', linestyle='-', color='r', label='sem')","0,03178","0,00255",,,
Pthreads,Triple Spiral,Com,16,512,9 plt.xlabel('Tamanho'),"0,089","0,00395",,,
Pthreads,Triple Spiral,Com,16,1024,,"0,304","0,00629",,,
Pthreads,Triple Spiral,Com,16,2048,"TypeError: list indices must be integers or slices, not str","1,14","0,00574",,,
Pthreads,Triple Spiral,Com,16,4096,10,"4,45","0,0136",,,
Pthreads,Triple Spiral,Com,16,8192,10,"17,56","0,0366",,,
OpenMP,Triple Spiral,Com,16,16,10,"0,0015","0,0000642",,,
OpenMP,Triple Spiral,Com,16,32,10,"0,002344","0,000432",,,
OpenMP,Triple Spiral,Com,16,64,10,"0,00362","0,000252",,,
OpenMP,Triple Spiral,Com,16,128,10,"0,0119","0,000455",,,
OpenMP,Triple Spiral,Com,16,256,10,"0,0366","0,00186",,,
OpenMP,Triple Spiral,Com,16,512,10,"0,09434","0,00492",,,
OpenMP,Triple Spiral,Com,16,1024,10,"0,313","0,0072",,,
OpenMP,Triple Spiral,Com,16,2048,10,"1,148","0,00581",,,
OpenMP,Triple Spiral,Com,16,4096,10,"4,4784","0,0303",,,
OpenMP,Triple Spiral,Com,16,8192,10,"17,457","0,0494",,,
Pthreads,Elephant,Com,32,16,10,"0,0014","0,0000344",,,
Pthreads,Elephant,Com,32,32,10,"0,0015","0,0000269",,,
Pthreads,Elephant,Com,32,64,10,"0,00197","0,0000475",,,
Pthreads,Elephant,Com,32,128,10,"0,00955","0,00064",,,
Pthreads,Elephant,Com,32,256,10,"0,0276","0,0018",,,
Pthreads,Elephant,Com,32,512,10,"0,071","0,00311",,,
Pthreads,Elephant,Com,32,1024,10,"0,28","0,00522",,,
Pthreads,Elephant,Com,32,2048,10,"0,96","0,0075",,,
Pthreads,Elephant,Com,32,4096,10,"3,8514","0,0338",,,
Pthreads,Elephant,Com,32,8192,10,"15,06","0,0361",,,
OpenMP,Elephant,Com,32,16,10,"0,0024","0,00019",,,
OpenMP,Elephant,Com,32,32,10,"0,002777","0,0000966",,,
OpenMP,Elephant,Com,32,64,10,"0,00363","0,00011",,,
OpenMP,Elephant,Com,32,128,10,"0,01","0,000633",,,
OpenMP,Elephant,Com,32,256,10,"0,028","0,0025",,,
OpenMP,Elephant,Com,32,512,10,"0,0817","0,0036",,,
OpenMP,Elephant,Com,32,1024,10,"0,278","0,006",,,
OpenMP,Elephant,Com,32,2048,10,"0,9896","0,00471",,,
OpenMP,Elephant,Com,32,4096,10,"3,8544","0,00776",,,
OpenMP,Elephant,Com,32,8192,10,"14,9968","0,0288",,,
Pthreads,Full,Com,32,16,10,"0,0017","0,000194",,,
Pthreads,Full,Com,32,32,10,"0,00154","0,0000388",,,
Pthreads,Full,Com,32,64,10,"0,00178","0,0001",,,
Pthreads,Full,Com,32,128,10,"0,0031","0,000247",,,
Pthreads,Full,Com,32,256,10,"0,01","0,001",,,
Pthreads,Full,Com,32,512,10,"0,04257","0,00196",,,
Pthreads,Full,Com,32,1024,10,"0,12","0,00866",,,
Pthreads,Full,Com,32,2048,10,"0,3718","0,00322",,,
Pthreads,Full,Com,32,4096,10,"1,436","0,00989",,,
Pthreads,Full,Com,32,8192,10,"5,4382","0,0493",,,
OpenMP,Full,Com,32,16,10,"0,00192","0,0000256",,,
OpenMP,Full,Com,32,32,10,"0,002644","0,000324",,,
OpenMP,Full,Com,32,64,10,"0,0028667","0,0000864",,,
OpenMP,Full,Com,32,128,10,"0,004","0,000223",,,
OpenMP,Full,Com,32,256,10,"0,0116","0,000985",,,
OpenMP,Full,Com,32,512,10,"0,03815","0,00246",,,
OpenMP,Full,Com,32,1024,10,"0,1045","0,0055",,,
OpenMP,Full,Com,32,2048,10,"0,37829","0,00331",,,
OpenMP,Full,Com,32,4096,10,"1,42736","0,00862",,,
OpenMP,Full,Com,32,8192,10,"5,4584","0,0227",,,
Pthreads,Seahorse,Com,32,16,10,"0,0017","0,00015",,,
Pthreads,Seahorse,Com,32,32,10,"0,0015","0,0000314",,,
Pthreads,Seahorse,Com,32,64,10,"0,002","0,000055",,,
Pthreads,Seahorse,Com,32,128,10,"0,008","0,000525",,,
Pthreads,Seahorse,Com,32,256,10,"0,03","0,000951",,,
Pthreads,Seahorse,Com,32,512,10,"0,082","0,00491",,,
Pthreads,Seahorse,Com,32,1024,10,"0,261","0,005",,,
Pthreads,Seahorse,Com,32,2048,10,"1,011","0,00654",,,
Pthreads,Seahorse,Com,32,4096,10,"3,9797","0,0148",,,
Pthreads,Seahorse,Com,32,8192,10,"15,6721","0,0186",,,
OpenMP,Seahorse,Com,32,16,10,"0,00194","0,000055",,,
OpenMP,Seahorse,Com,32,32,10,"0,0031","0,00026",,,
OpenMP,Seahorse,Com,32,64,10,"0,006722","0,000756",,,
OpenMP,Seahorse,Com,32,128,10,"0,011","0,000148",,,
OpenMP,Seahorse,Com,32,256,10,"0,03257","0,0016",,,
OpenMP,Seahorse,Com,32,512,10,"0,0765","0,0034",,,
OpenMP,Seahorse,Com,32,1024,10,"0,277","0,00605",,,
OpenMP,Seahorse,Com,32,2048,10,"1,02","0,006",,,
OpenMP,Seahorse,Com,32,4096,10,"4,016","0,0134",,,
OpenMP,Seahorse,Com,32,8192,10,"15,6903","0,0523",,,
Pthreads,Triple Spiral,Com,32,16,10,"0,0016","0,00013",,,
Pthreads,Triple Spiral,Com,32,32,10,"0,0018","0,000364",,,
Pthreads,Triple Spiral,Com,32,64,10,"0,0023","0,0000976",,,
Pthreads,Triple Spiral,Com,32,128,10,"0,009","0,00076",,,
Pthreads,Triple Spiral,Com,32,256,10,"0,031","0,00174",,,
Pthreads,Triple Spiral,Com,32,512,10,"0,0795","0,0034",,,
Pthreads,Triple Spiral,Com,32,1024,10,"0,299","0,0059",,,
Pthreads,Triple Spiral,Com,32,2048,10,"1,1022","0,0045",,,
Pthreads,Triple Spiral,Com,32,4096,10,"4,3868","0,0146",,,
Pthreads,Triple Spiral,Com,32,8192,10,"17,3238","0,0349",,,
OpenMP,Triple Spiral,Com,32,16,10,"0,0024","0,00014",,,
OpenMP,Triple Spiral,Com,32,32,10,"0,0036","0,00041",,,
OpenMP,Triple Spiral,Com,32,64,10,"0,003864","0,0002",,,
OpenMP,Triple Spiral,Com,32,128,10,"0,01152","0,000652",,,
OpenMP,Triple Spiral,Com,32,256,10,"0,02977","0,00119",,,
OpenMP,Triple Spiral,Com,32,512,10,"0,08331","0,00447",,,
OpenMP,Triple Spiral,Com,32,1024,10,"0,312","0,00418",,,
OpenMP,Triple Spiral,Com,32,2048,10,"1,1256","0,0143",,,
OpenMP,Triple Spiral,Com,32,4096,10,"4,3932","0,0124",,,
OpenMP,Triple Spiral,Com,32,8192,10,"17,3128","0,0264",,,
Sequencial,Full,Sem,1,16,10,"0,00088","0,000033",,,
Pthreads,Full,Sem,8,16,10,"0,00082","0,000018",,,
OpenMP,Full,Sem,8,16,10,"0,00163","0,000724",,,
Sequencial,Full,Sem,1,32,10,"0,00057","0,000047",,,
Pthreads,Full,Sem,8,32,10,"0,0008317","0,0000176",,,
OpenMP,Full,Sem,8,32,10,"0,002","0,000964",,,
Sequencial,Full,Sem,1,64,10,"0,00222","0,000277",,,
Pthreads,Full,Sem,8,64,10,"0,00124","0,000116",,,
OpenMP,Full,Sem,8,64,10,"0,001325","0,0000269",,,
Sequencial,Full,Sem,1,128,10,"0,003845","0,000465",,,
Pthreads,Full,Sem,8,128,10,"0,002291","0,000209",,,
OpenMP,Full,Sem,8,128,10,"0,0053","0,00185",,,
Sequencial,Full,Sem,1,256,10,"0,015","0,00175",,,
Pthreads,Full,Sem,8,256,10,"0,0054","0,000252",,,
OpenMP,Full,Sem,8,256,10,"0,00831","0,00156",,,
Sequencial,Full,Sem,1,512,10,"0,05844","0,00371",,,
Pthreads,Full,Sem,8,512,10,"0,018","0,000333",,,
OpenMP,Full,Sem,8,512,10,"0,02277","0,00173",,,
Sequencial,Full,Sem,1,1024,10,"0,19457","0,00355",,,
Pthreads,Full,Sem,8,1024,10,"0,07","0,00112",,,
OpenMP,Full,Sem,8,1024,10,"0,0777","0,00214",,,
Sequencial,Full,Sem,1,2048,10,"0,72992","0,00299",,,
Pthreads,Full,Sem,8,2048,10,"0,273","0,00165",,,
OpenMP,Full,Sem,8,2048,10,"0,287","0,00375",,,
Sequencial,Full,Sem,1,4096,10,"2,8813","0,0105",,,
Pthreads,Full,Sem,8,4096,10,"1,087","0,006",,,
OpenMP,Full,Sem,8,4096,10,"1,133","0,00937",,,
Sequencial,Full,Sem,1,8192,10,"11,4929","0,0134",,,
Pthreads,Full,Sem,8,8192,10,"4,3991","0,021",,,
OpenMP,Full,Sem,8,8192,10,"4,5013","0,0407",,,
Sequencial,Seahorse,Sem,1,16,10,"0,00092","0,000059",,,
Pthreads,Seahorse,Sem,8,16,10,"0,0008","0,0000171",,,
OpenMP,Seahorse,Sem,8,16,10,"0,0012","0,000183",,,
Sequencial,Seahorse,Sem,1,32,10,"0,0005066","0,0000612",,,
Pthreads,Seahorse,Sem,8,32,10,"0,000856","0,0000284",,,
OpenMP,Seahorse,Sem,8,32,10,"0,001339","0,00029",,,
Sequencial,Seahorse,Sem,1,64,10,"0,00079","0,0000509",,,
Pthreads,Seahorse,Sem,8,64,10,"0,0009124","0,0000238",,,
OpenMP,Seahorse,Sem,8,64,10,"0,001318","0,000145",,,
Sequencial,Seahorse,Sem,1,128,10,"0,0034297","0,0000888",,,
Pthreads,Seahorse,Sem,8,128,10,"0,0017436","0,0000547",,,
OpenMP,Seahorse,Sem,8,128,10,"0,002","0,0000629",,,
Sequencial,Seahorse,Sem,1,256,10,"0,006496","0,000749",,,
Pthreads,Seahorse,Sem,8,256,10,"0,0043","0,0000494",,,
OpenMP,Seahorse,Sem,8,256,10,"0,0075","0,00243",,,
Sequencial,Seahorse,Sem,1,512,10,"0,02487","0,00265",,,
Pthreads,Seahorse,Sem,8,512,10,"0,0225","0,00165",,,
OpenMP,Seahorse,Sem,8,512,10,"0,0193","0,00214",,,
Sequencial,Seahorse,Sem,1,1024,10,"0,09106","0,00401",,,
Pthreads,Seahorse,Sem,8,1024,10,"0,0631","0,00256",,,
OpenMP,Seahorse,Sem,8,1024,10,"0,0874","0,00357",,,
Sequencial,Seahorse,Sem,1,2048,10,"0,33","0,00316",,,
Pthreads,Seahorse,Sem,8,2048,10,"0,2216","0,000816",,,
OpenMP,Seahorse,Sem,8,2048,10,"0,23265","0,00345",,,
Sequencial,Seahorse,Sem,1,4096,10,"1,28732","0,00527",,,
Pthreads,Seahorse,Sem,8,4096,10,"0,87","0,00195",,,
OpenMP,Seahorse,Sem,8,4096,10,"0,88356","0,0023",,,
Sequencial,Seahorse,Sem,1,8192,10,"5,0799","0,0133",,,
Pthreads,Seahorse,Sem,8,8192,10,"3,5552","0,0458",,,
OpenMP,Seahorse,Sem,8,8192,10,"3,5799","0,0395",,,
Sequencial,Elephant,Sem,1,16,10,"0,0007437","0,000038",,,
Pthreads,Elephant,Sem,8,16,10,"0,0009449","0,0000897",,,
OpenMP,Elephant,Sem,8,16,10,"0,001239","0,00029",,,
Sequencial,Elephant,Sem,1,32,10,"0,00079","0,0000383",,,
Pthreads,Elephant,Sem,8,32,10,"0,0008589","0,0000332",,,
OpenMP,Elephant,Sem,8,32,10,"0,001553","0,000438",,,
Sequencial,Elephant,Sem,1,64,10,"0,000989","0,0000343",,,
Pthreads,Elephant,Sem,8,64,10,"0,0008715","0,0000129",,,
OpenMP,Elephant,Sem,8,64,10,"0,00269","0,00102",,,
Sequencial,Elephant,Sem,1,128,10,"0,001","0,0000578",,,
Pthreads,Elephant,Sem,8,128,10,"0,000978","0,0000259",,,
OpenMP,Elephant,Sem,8,128,10,"0,00175","0,000584",,,
Sequencial,Elephant,Sem,1,256,10,"0,0028","0,000417",,,
Pthreads,Elephant,Sem,8,256,10,"0,0016","0,0000208",,,
OpenMP,Elephant,Sem,8,256,10,"0,00206","0,000143",,,
Sequencial,Elephant,Sem,1,512,10,"0,00833","0,000813",,,
Pthreads,Elephant,Sem,8,512,10,"0,00417","0,0000892",,,
OpenMP,Elephant,Sem,8,512,10,"0,00765","0,0022",,,
Sequencial,Elephant,Sem,1,1024,10,"0,03353","0,00298",,,
Pthreads,Elephant,Sem,8,1024,10,"0,025223","0,000866",,,
OpenMP,Elephant,Sem,8,1024,10,"0,02234","0,0023",,,
Sequencial,Elephant,Sem,1,2048,10,"0,1315","0,00316",,,
Pthreads,Elephant,Sem,8,2048,10,"0,06707","0,00289",,,
OpenMP,Elephant,Sem,8,2048,10,"0,05857","0,00153",,,
Sequencial,Elephant,Sem,1,4096,10,"0,47153","0,00361",,,
Pthreads,Elephant,Sem,8,4096,10,"0,213","0,00239",,,
OpenMP,Elephant,Sem,8,4096,10,"0,21132","0,00278",,,
Sequencial,Elephant,Sem,1,8192,10,"1,816","0,0051",,,
Pthreads,Elephant,Sem,8,8192,10,"0,79834","0,000771",,,
OpenMP,Elephant,Sem,8,8192,10,"0,79734","0,0019",,,
Sequencial,Triple Spiral,Sem,1,16,10,"0,0007104","0,0000259",,,
Pthreads,Triple Spiral,Sem,8,16,10,"0,0008239","0,0000292",,,
OpenMP,Triple Spiral,Sem,8,16,10,"0,00732","0,00419",,,
Sequencial,Triple Spiral,Sem,1,32,10,"0,000782","0,0000343",,,
Pthreads,Triple Spiral,Sem,8,32,10,"0,0008636","0,0000282",,,
OpenMP,Triple Spiral,Sem,8,32,10,"0,002064","0,00077",,,
Sequencial,Triple Spiral,Sem,1,64,10,"0,00097","0,0000424",,,
Pthreads,Triple Spiral,Sem,8,64,10,"0,000855","0,0000199",,,
OpenMP,Triple Spiral,Sem,8,64,10,"0,00301","0,00157",,,
Sequencial,Triple Spiral,Sem,1,128,10,"0,0008892","0,0000628",,,
Pthreads,Triple Spiral,Sem,8,128,10,"0,0009085","0,0000207",,,
OpenMP,Triple Spiral,Sem,8,128,10,"0,001399","0,000175",,,
Sequencial,Triple Spiral,Sem,1,256,10,"0,00344","0,000337",,,
Pthreads,Triple Spiral,Sem,8,256,10,"0,001654","0,000128",,,
OpenMP,Triple Spiral,Sem,8,256,10,"0,0017765","0,0000761",,,
Sequencial,Triple Spiral,Sem,1,512,10,"0,008","0,000985",,,
Pthreads,Triple Spiral,Sem,8,512,10,"0,0036139","0,0000367",,,
OpenMP,Triple Spiral,Sem,8,512,10,"0,00634","0,00186",,,
Sequencial,Triple Spiral,Sem,1,1024,10,"0,04041","0,00199",,,
Pthreads,Triple Spiral,Sem,8,1024,10,"0,01581","0,00129",,,
OpenMP,Triple Spiral,Sem,8,1024,10,"0,0175","0,00167",,,
Sequencial,Triple Spiral,Sem,1,2048,10,"0,10377","0,00402",,,
Pthreads,Triple Spiral,Sem,8,2048,10,"0,05336","0,0017",,,
OpenMP,Triple Spiral,Sem,8,2048,10,"0,0558","0,0057",,,
Sequencial,Triple Spiral,Sem,1,4096,10,"0,38573","0,0043",,,
Pthreads,Triple Spiral,Sem,8,4096,10,"0,16449","0,00108",,,
OpenMP,Triple Spiral,Sem,8,4096,10,"0,18028","0,00502",,,
Sequencial,Triple Spiral,Sem,1,8192,10,"1,46484","0,0039",,,
Pthreads,Triple Spiral,Sem,8,8192,10,"0,64552","0,00201",,,
OpenMP,Triple Spiral,Sem,8,8192,10,"0,64173","0,00315",,,